Workbook

Sheet 01_Candidate_Papers
A1: paper_id | B1: title | C1: authors | D1: year | E1: doi_or_url | F1: source_database | G1: screening_stage | H1: included | I1: exclusion_reason | J1: notes | K1: number_of_systems
A2: P001 | B2: Dolphin: Moving Towards Closed-loop Auto-research through Thinking, Practice, and Feedback | C2: Yuan et al. | D2: 2025 | E2: https://aclanthology.org/2025.acl-long.1056/ | G2: full_text | H2: 0 | I2: E4_Human_role_absent_or_incidental | J2: human role confined/not discussed
A3: P002 | B3: The AI Scientist-v2: Workshop-Level Automated Scientific Discovery via Agentic Tree Search | C3: Yamada et al. | D3: 2025 | E3: https://doi.org/10.48550/arXiv.2504.08066 | G3: full_text | H3: 1 | I3: N/A | K3: 1
A4: P003 | B4: Towards Scientific Discovery with Generative AI: Progress, Opportunities, and Challenges | C4: Reddy, C. K. and Shojaee, P. | D4: 2025 | E4: https://doi.org/10.1609/aaai.v39i27.35084 | G4: full_text | H4: 0 | I4: E3_No_concrete_system_or_evaluation | J4: perspective/position paper
A5: P004 | B5: AI-Researcher: Autonomous Scientific Innovation | C5: Tang et al. | D5: 2025 | E5: https://doi.org/10.48550/arXiv.2505.18705 | G5: full_text | H5: 1 | I5: N/A | K5: 1
A6: P005 | B6: Scientific discovery in the age of artificial intelligence | C6: Wang et al. | D6: 2023 | E6: https://doi.org/10.1038/s41586-023-06221-2 | G6: full_text | H6: 0 | I6: E3_No_concrete_system_or_evaluation | J6: perspective/position paper
A7: P006 | B7: From intention to implementation: automating biomedical research via LLMs | C7: Luo et al. | D7: 2025 | E7: https://doi.org/10.1007/s11432-024-4485-0 | G7: full_text | H7: 1 | I7: N/A | K7: 1
A8: P007 | B8: Towards end-to-end automation of AI research | C8: Lu et al. | D8: 2026 | E8: https://doi.org/10.1038/s41586-026-10265-5 | G8: full_text | H8: 1 | I8: N/A | K8: 1
A9: P008 | B9: LLM‐Based Agents for Tool Learning: A Survey | C9: Xu et al. | D9: 2025 | E9: https://doi.org/10.1007/s41019-025-00296-9 | G9: title_abstract | H9: 0 | I9: E1_Not_scientific_workflow
A10: P009 | B10: Automated statistical model discovery with language models | C10: Li et al. | D10: 2024 | E10: https://dl.acm.org/doi/10.5555/3692070.3693182 | G10: full_text | H10: 0 | I10: E4_Human_role_absent_or_incidental | J10: human contribution is only input/context supplied before automation
A11: P010 | B11: CodeScientist: End-to-End Semi-Automated Scientific Discovery with Code-based Experimentation | C11: Jansen et al. | D11: 2025 | E11: https://aclanthology.org/2025.findings-acl.692/ | G11: full_text | H11: 1 | I11: N/A | J11: HITL | K11: 1
A12: P011 | B12: Autonomous LLM-Driven Research — from Data to Human-Verifiable Research Papers | C12: Ifargan et al. | D12: 2024 | E12: https://ai.nejm.org/doi/full/10.1056/AIoa2400555 | G12: full_text | H12: 1 | I12: N/A | J12: human intervention in copilot mode | K12: 1
A13: P012 | B13: From AI for Science to Agentic Science: A Survey on Autonomous Scientific Discovery | C13: Wei et al. | D13: 2025 | E13: https://doi.org/10.48550/arXiv.2508.14111 | G13: full_text | H13: 0 | I13: E3_No_concrete_system_or_evaluation | J13: survey
A14: P013 | B14: Exploring the role of large language models in the scientific method: from hypothesis to discovery | C14: Zhang et al. | D14: 2025 | E14: https://doi.org/10.1038/s44387-025-00019-5 | G14: full_text | H14: 0 | I14: E3_No_concrete_system_or_evaluation | J14: perspective/position paper
A15: P014 | B15: Empowering Biomedical Discovery with AI Agents | C15: Gao et al. | D15: 2024 | E15: https://doi.org/10.1016/j.cell.2024.09.022 | G15: full_text | H15: 0 | I15: E3_No_concrete_system_or_evaluation | J15: perspective/position paper
A16: P015 | B16: Curie: Toward Rigorous and Automated Scientific Experimentation with AI Agents | C16: Kon et al. | D16: 2025 | E16: https://doi.org/10.48550/arXiv.2502.16069 | G16: full_text | H16: 1 | I16: N/A | K16: 1
A17: P016 | B17: AI4Research: A Survey of Artificial Intelligence for Scientific Research | C17: Chen et al. | D17: 2025 | E17: https://doi.org/10.48550/arXiv.2507.01903 | G17: full_text | H17: 0 | I17: E6_Other | J17: survey
A18: P017 | B18: Agentic AI and the rise of in silico team science in biomedical research | C18: Li et al. | D18: 2026 | E18: https://doi.org/10.1038/s41587-026-03035-1 | G18: full_text | H18: 0 | I18: E3_No_concrete_system_or_evaluation | J18: perspective/position paper
A19: P018 | B19: A Survey of AI Scientists | C19: Tie et al. | D19: 2026 | E19: https://doi.org/10.48550/arXiv.2510.23045 | G19: full_text | H19: 0 | I19: E6_Other | J19: survey
A20: P019 | B20: CycleResearcher: Improving Automated Research via Automated Review | C20: Weng et al. | D20: 2025 | E20: https://doi.org/10.48550/arXiv.2411.00816 | G20: full_text | H20: 1 | I20: N/A | K20: 2
A21: P020 | B21: WebGames: Challenging General-Purpose Web-Browsing AI Agents | C21: Thomas et al. | D21: 2025 | E21: https://doi.org/10.48550/arXiv.2502.18356 | G21: title_abstract | H21: 0 | I21: E1_Not_scientific_workflow
A22: P021 | B22: LLM-SR: Scientific Equation Discovery via Programming with Large Language Models | C22: Shojaee et al. | D22: 2025 | E22: https://doi.org/10.48550/arXiv.2404.18400 | G22: full_text | H22: 1 | I22: N/A | K22: 1
A23: P022 | B23: Search-o1: Agentic Search-Enhanced Large Reasoning Models | C23: Li et al. | D23: 2025 | E23: https://doi.org/10.48550/arXiv.2501.05366 | G23: title_abstract | H23: 0 | I23: E1_Not_scientific_workflow
A24: P023 | B24: ScoreFlow: Mastering LLM Agent Workflows via Score-based Preference Optimization | C24: Wang et al. | D24: 2025 | E24: https://doi.org/10.48550/arXiv.2502.04306 | G24: title_abstract | H24: 0 | I24: E5_Background_AI_capability_only
A25: P024 | B25: ARMAP: Scaling Autonomous Agents via Automatic Reward Modeling And Planning | C25: Chen et al. | D25: 2025 | E25: https://doi.org/10.48550/arXiv.2502.12130 | G25: title_abstract | H25: 0 | I25: E5_Background_AI_capability_only
A26: P025 | B26: Mathematical discoveries from program search with large language models | C26: Romera-Paredes et al. | D26: 2023 | E26: https://doi.org/10.1038/s41586-023-06924-6 | G26: full_text | H26: 1 | I26: N/A | K26: 1
A27: P026 | B27: Position: Agent Should Invoke External Tools ONLY When Epistemically Necessary | C27: Wang et al. | D27: 2026 | E27: https://doi.org/10.48550/arXiv.2506.00886 | G27: title_abstract | H27: 0 | I27: E1_Not_scientific_workflow
A28: P027 | B28: PlanGEN: A Multi-Agent Framework for Generating Planning and Reasoning Trajectories for Complex Problem Solving | C28: Parmar et al. | D28: 2025 | E28: https://doi.org/10.18653/v1/2025.emnlp-main.1042 | G28: title_abstract | H28: 0 | I28: E1_Not_scientific_workflow
A29: P028 | B29: PC-Agent: A Hierarchical Multi-Agent Collaboration Framework for Complex Task Automation on PC | C29: Liu et al. | D29: 2025 | E29: https://doi.org/10.48550/arXiv.2502.14282 | G29: title_abstract | H29: 0 | I29: E1_Not_scientific_workflow
A30: P029 | B30: OctoTools: An Agentic Framework with Extensible Tools for Complex Reasoning | C30: Lu et al. | D30: 2026 | E30: https://doi.org/10.48550/arXiv.2502.11271 | G30: title_abstract | H30: 0 | I30: E1_Not_scientific_workflow
A31: P030 | B31: AlphaEvolve: A coding agent for scientific and algorithmic discovery | C31: Novikov et al. | D31: 2025 | E31: https://doi.org/10.48550/arXiv.2506.13131 | G31: full_text | H31: 1 | I31: N/A | K31: 1
A32: P031 | B32: NovelSeek: When Agent Becomes the Scientist -- Building Closed-Loop System from Hypothesis to Verification | C32: Zhang et al. | D32: 2025 | E32: https://arxiv.org/abs/2505.16938v1 | G32: full_text | H32: 0 | I32: E6_Other | J32: outdated version
A33: P032 | B33: Multi-Agent Collaboration Mechanisms: A Survey of LLMs | C33: Trang et al. | D33: 2025 | E33: https://doi.org/10.48550/arXiv.2501.06322 | G33: title_abstract | H33: 0 | I33: E1_Not_scientific_workflow
A34: P033 | B34: MLGym: A New Framework and Benchmark for Advancing AI Research Agents | C34: Nathani et al. | D34: 2025 | E34: https://doi.org/10.48550/arXiv.2502.14499 | G34: full_text | H34: 0 | I34: E4_Human_role_absent_or_incidental | J34: human role confined to upstream framework/task design
A35: P034 | B35: Kosmos: An AI Scientist for Autonomous Discovery | C35: Mitchener et al. | D35: 2025 | E35: https://doi.org/10.48550/arXiv.2511.02824 | G35: full_text | H35: 1 | I35: N/A | K35: 1
A36: P035 | B36: Magma: A Foundation Model for Multimodal AI Agents | C36: Yang et al. | D36: 2025 | E36: https://doi.org/10.48550/arXiv.2502.13130 | G36: title_abstract | H36: 0 | I36: E1_Not_scientific_workflow
A37: P036 | B37: AIGS: Generating Science from AI-Powered Automated Falsification | C37: Liu et al. | D37: 2024 | E37: https://doi.org/10.48550/arXiv.2411.11910 | G37: full_text | H37: 1 | I37: N/A | K37: 1
A38: P037 | B38: DrugAgent: Automating AI-aided Drug Discovery Programming through LLM Multi-Agent Collaboration | C38: Liu et al. | D38: 2025 | E38: https://doi.org/10.48550/arXiv.2411.15692 | G38: full_text | H38: 1 | I38: N/A | K38: 1
A39: P038 | B39: Large Language Model based Multi-Agents: A Survey of Progress and Challenges | C39: Guo et al. | D39: 2024 | E39: https://dl.acm.org/doi/10.24963/ijcai.2024/890 | G39: title_abstract | H39: 0 | I39: E1_Not_scientific_workflow
A40: P039 | B40: DiscoveryWorld: A Virtual Environment for Developing and Evaluating Automated Scientific Discovery Agents | C40: Jansen et al. | D40: 2024 | E40: https://doi.org/10.52202/079017-0324 | G40: full_text | H40: 0 | I40: E4_Human_role_absent_or_incidental | J40: human role confined to upstream environment/task design
A41: P040 | B41: IntellAgent: A Multi-Agent Framework for Evaluating Conversational AI Systems | C41: Levi, E. and Kadar, I. | D41: 2025 | E41: https://doi.org/10.48550/arXiv.2501.11067 | G41: title_abstract | H41: 0 | I41: E1_Not_scientific_workflow
A42: P041 | B42: InSTA: Towards Internet-Scale Training For Agents | C42: Trabucco et al. | D42: 2025 | E42: https://doi.org/10.48550/arXiv.2502.06776 | G42: title_abstract | H42: 0 | I42: E1_Not_scientific_workflow
A43: P042 | B43: Infrastructure for AI Agents | C43: Chan et al. | D43: 2025 | E43: https://openreview.net/forum?id=Ckh17xN2R2 | G43: title_abstract | H43: 0 | I43: E1_Not_scientific_workflow
A44: P043 | B44: FlowSearch: Advancing deep research with dynamic structured knowledge flow | C44: Hu et al. | D44: 2026 | E44: https://doi.org/10.18653/v1/2026.acl-long.971 | G44: full_text | H44: 0 | I44: E1_Not_scientific_workflow | J44: general purpose "research"; no human role framing discussed either
A45: P044 | B45: Robin: A multi-agent system for automating scientific discovery | C45: Ghareeb et al. | D45: 2026 | E45: https://doi.org/10.1038/s41586-026-10652-y | G45: full_text | H45: 1 | I45: N/A | K45: 1
A46: P045 | B46: SciAgents: Automating scientific discovery through multi-agent intelligent graph reasoning | C46: Ghafarollahi, A. and Buehler, M. J. | D46: 2024 | E46: https://doi.org/10.48550/arXiv.2409.05556 | G46: full_text | H46: 0 | I46: E4_Human_role_absent_or_incidental | J46: human role confined
A47: P046 | B47: Democratizing AI scientists using ToolUniverse | C47: Gao et al. | D47: 2025 | E47: https://doi.org/10.48550/arXiv.2509.23426 | G47: full_text | H47: 1 | I47: N/A | K47: 1
A48: P047 | B48: TxAgent: An AI Agent for Therapeutic Reasoning Across a Universe of Tools | C48: Gao et al. | D48: 2025 | E48: https://doi.org/10.48550/arXiv.2503.10970 | G48: title_abstract | H48: 0 | I48: E1_Not_scientific_workflow
A49: P048 | B49: From Automation to Autonomy: A Survey on Large Language Models in Scientific Discovery | C49: Zheng et al. | D49: 2025 | E49: https://doi.org/10.18653/v1/2025.emnlp-main.895 | G49: full_text | H49: 0 | I49: E6_Other | J49: survey
A50: P049 | B50: DeepSeek-R1: Incentivizing Reasoning Capability in LLMs via Reinforcement Learning | C50: Guo et al. | D50: 2025 | E50: https://doi.org/10.1038/s41586-025-09422-z | G50: title_abstract | H50: 0 | I50: E1_Not_scientific_workflow
A51: P050 | B51: CODESIM: Multi-Agent Code Generation and Problem Solving through Simulation-Driven Planning and Debugging | C51: Islam et al. | D51: 2025 | E51: https://doi.org/10.18653/v1/2025.findings-naacl.285 | G51: title_abstract | H51: 0 | I51: E1_Not_scientific_workflow
A52: P051 | B52: Cocoa: Co-Planning and Co-Execution with AI Agents | C52: Feng et al. | D52: 2026 | E52: https://dl.acm.org/doi/10.1145/3772318.3791673 | G52: full_text | H52: 1 | I52: N/A | K52: 1
A53: P052 | B53: Autonomous chemical research with large language models | C53: Boiko et al. | D53: 2023 | E53: https://doi.org/10.1038/s41586-023-06792-0 | G53: full_text | H53: 0 | I53: E4_Human_role_absent_or_incidental | J53: no human decision-making was involved
A54: P053 | B54: Beyond Browsing: API-Based Web Agents | C54: Song et al. | D54: 2025 | E54: https://doi.org/10.18653/v1/2025.findings-acl.577 | G54: title_abstract | H54: 0 | I54: E1_Not_scientific_workflow
A55: P054 | B55: LIDDIA: Language-based Intelligent Drug Discovery Agent | C55: Averly et al. | D55: 2025 | E55: https://doi.org/10.18653/v1/2025.emnlp-main.603 | G55: full_text | H55: 0 | I55: E4_Human_role_absent_or_incidental | J55: no described human checkpoint, interaction, or judgment during execution
A56: P055 | B56: AutoAgent: A Fully-Automated and Zero-Code Framework for LLM Agents | C56: Tang et al. | D56: 2025 | E56: https://doi.org/10.48550/arXiv.2502.05957 | G56: title_abstract | H56: 0 | I56: E1_Not_scientific_workflow
A57: P056 | B57: Autellix: An Efficient Serving Engine for LLM Agents as General Programs | C57: Luo et al. | D57: 2025 | E57: https://doi.org/10.48550/arXiv.2502.13965 | G57: title_abstract | H57: 0 | I57: E1_Not_scientific_workflow
A58: P057 | B58: CellVoyager: AI CompBio Agent Generates New Insights by Autonomously Analyzing Biological Data | C58: Alber et al. | D58: 2026 | E58: https://doi.org/10.1038/s41592-026-03029-6 | G58: full_text | H58: 1 | I58: N/A | J58: human guided iterations based on feedback and ai self-crtique module | K58: 1
A59: P058 | B59: AI Agents for Computer Use: A Review of Instruction-based Computer Control, GUI Automation, and Operator Assistants | C59: Sager et al. | D59: 2025 | E59: https://doi.org/10.48550/arXiv.2501.16150 | G59: title_abstract | H59: 0 | I59: E1_Not_scientific_workflow
A60: P059 | B60: Agentic Systems: A Guide to Transforming Industries with Vertical AI Agents | C60: Bousetouane, F. | D60: 2025 | E60: https://doi.org/10.48550/arXiv.2501.00881 | G60: title_abstract | H60: 0 | I60: E1_Not_scientific_workflow
A61: P060 | B61: Adaptation of Agentic AI | C61: Jiang et al. | D61: 2026 | E61: https://doi.org/10.48550/arXiv.2512.16301 | G61: full_text | H61: 0 | I61: E1_Not_scientific_workflow | J61: general LLM agent adaptation methods
A62: P061 | B62: A Survey on Large Language Model based Autonomous Agents | C62: Wang et al. | D62: 2025 | E62: https://doi.org/10.1007/s11704-024-40231-1 | G62: title_abstract | H62: 0 | I62: E1_Not_scientific_workflow
A63: P062 | B63: Talk Structurally, Act Hierarchically: A Collaborative Framework for LLM Multi-Agent Systems | C63: Wang et al. | D63: 2025 | E63: https://doi.org/10.48550/arXiv.2502.11098 | G63: title_abstract | H63: 0 | I63: E1_Not_scientific_workflow
A64: P063 | B64: SciSciGPT: Advancing Human-AI Collaboration in the Science of Science | C64: Shao et al. | D64: 2026 | E64: https://doi.org/10.1038/s43588-025-00906-6 | G64: full_text | H64: 1 | I64: N/A | K64: 1
A65: P064 | B65: OmniScientist: Toward a Co-evolving Ecosystem of Human and AI Scientists | C65: Shao et al. | D65: 2025 | E65: https://doi.org/10.48550/arXiv.2511.16931 | G65: full_text | H65: 1 | I65: N/A | K65: 1
A66: P065 | B66: Position Paper: Agent AI Towards a Holistic Intelligence | C66: Huang et al. | D66: 2024 | E66: https://doi.org/10.48550/arXiv.2403.00833 | G66: title_abstract | H66: 0 | I66: E1_Not_scientific_workflow
A67: P066 | B67: Build Your Personalized Research Group: A Multiagent Framework for Continual and Interactive Science Automation | C67: Li et al. | D67: 2025 | E67: https://doi.org/10.48550/arXiv.2510.15624 | G67: full_text | H67: 1 | I67: N/A | K67: 1
A68: P067 | B68: Human-artificial interaction in the age of agentic AI: a system-theoretical approach | C68: Borghoff et al. | D68: 2025 | E68: https://doi.org/10.3389/fhumd.2025.1579166 | G68: title_abstract | H68: 0 | I68: E1_Not_scientific_workflow
A69: P068 | B69: Human-AI Symbiosis: A Survey of Current Approaches | C69: Zahedi, Z. and Kambhampati, S. | D69: 2021 | E69: https://doi.org/10.48550/arXiv.2103.09990 | G69: title_abstract | H69: 0 | I69: E1_Not_scientific_workflow
A70: P069 | B70: Human-AI Collaboration: Trade-offs Between Performance and Preferences | C70: Mayer et al. | D70: 2026 | E70: https://doi.org/10.1186/s41235-026-00713-1 | G70: title_abstract | H70: 0 | I70: E1_Not_scientific_workflow
A71: P070 | B71: Human-AI collaboration is not very collaborative yet: A taxonomy of interaction patterns in AI-assisted decision making from a systematic review | C71: Gomez et al. | D71: 2025 | E71: https://doi.org/10.3389/fcomp.2024.1521066 | G71: title_abstract | H71: 0 | I71: E1_Not_scientific_workflow
A72: P071 | B72: Guidelines for Human-AI Interaction | C72: Amershi et al. | D72: 2019 | E72: https://dl.acm.org/doi/10.1145/3290605.3300233 | G72: title_abstract | H72: 0 | I72: E1_Not_scientific_workflow
A73: P072 | B73: Fostering Collective Intelligence in Human–AI Collaboration: Laying the Groundwork for COHUMAIN | C73: Gupta et al. | D73: 2025 | E73: https://doi.org/10.1111/tops.12679 | G73: title_abstract | H73: 0 | I73: E1_Not_scientific_workflow
A74: P073 | B74: Establishing Human Observer Criterion in Evaluating Artificial Social Intelligence Agents in a Search and Rescue Task | C74: Huang et al. | D74: 2025 | E74: https://doi.org/10.1111/tops.12648 | G74: title_abstract | H74: 0 | I74: E1_Not_scientific_workflow
A75: P074 | B75: Do We Collaborate With What We Design? | C75: Evans et al. | D75: 2023 | E75: https://doi.org/10.1111/tops.12682 | G75: title_abstract | H75: 0 | I75: E1_Not_scientific_workflow
A76: P075 | B76: Designing the Intelligent Organization: Six Principles for Human-AI Collaboration | C76: Kolbjørnsrud, V. | D76: 2023 | E76: https://doi.org/10.1177/00081256231211020 | G76: title_abstract | H76: 0 | I76: E1_Not_scientific_workflow
A77: P076 | B77: CowPilot: A Framework for Autonomous and Human-Agent Collaborative Web Navigation | C77: Huq et al. | D77: 2025 | E77: https://doi.org/10.18653/v1/2025.naacl-demo.17 | G77: title_abstract | H77: 0 | I77: E1_Not_scientific_workflow
A78: P077 | B78: Collaborating with AI Agents: A Field Experiment on Teamwork, Productivity, and Performance | C78: Ju, H. and Aral, S. | D78: 2026 | E78: https://doi.org/10.48550/arXiv.2503.18238 | G78: title_abstract | H78: 0 | I78: E1_Not_scientific_workflow
A79: P078 | B79: COHUMAIN: Building the Socio-Cognitive Architecture of Collective Human–Machine Intelligence | C79: Gonzalez et al. | D79: 2023 | E79: https://doi.org/10.1111/tops.12673 | G79: title_abstract | H79: 0 | I79: E1_Not_scientific_workflow
A80: P079 | B80: A Survey on Human-AI Collaboration with Large Foundation Models | C80: Vats et al. | D80: 2026 | E80: https://doi.org/10.1145/3841472 | G80: title_abstract | H80: 0 | I80: E1_Not_scientific_workflow
A81: P080 | B81: A Survey of Human-AI Collaboration for Scientific Discovery | C81: Shi et al. | D81: 2026 | E81: https://doi.org/10.36227/techrxiv.176823034.44078313/v2 | G81: full_text | H81: 0 | I81: E6_Other | J81: survey
A82: P081 | B82: Multi-Agents are Social Groups: Investigating Social Influence of Multiple Agents in Human-Agent Interactions | C82: Song et al. | D82: 2025 | E82: https://doi.org/10.1145/3757633 | G82: title_abstract | H82: 0 | I82: E1_Not_scientific_workflow
A83: P082 | B83: Exploring Collaboration Patterns and Strategies in Human-AI Co-creation through the Lens of Agency: A Scoping Review of the Top-tier HCI Literature | C83: Zhang et al. | D83: 2025 | E83: https://doi.org/10.1145/3757594 | G83: title_abstract | H83: 0 | I83: E1_Not_scientific_workflow
A84: P083 | B84: Empirically Understanding the Potential Impacts and Process of Social Influence in Human-AI Teams | C84: Flathmann et al. | D84: 2024 | E84: https://doi.org/10.1145/3637326 | G84: title_abstract | H84: 0 | I84: E1_Not_scientific_workflow
A85: P084 | B85: Advancing Biomolecular Understanding and Design Following Human Instructions | C85: Zhuang et al. | D85: 2025 | E85: https://doi.org/10.1038/s42256-025-01064-0 | G85: full_text | H85: 1 | I85: N/A | K85: 2
A86: P085 | B86: A foundation model for human-AI collaboration in medical literature mining | C86: Wang et al. | D86: 2025 | E86: https://doi.org/10.1038/s41467-025-62058-5 | G86: full_text | H86: 1 | I86: N/A | K86: 1
A87: P086 | B87: MLR-Copilot: Autonomous Machine Learning Research based on Large Language Models Agents | C87: Li et al. | D87: 2025 | E87: https://doi.org/10.48550/arXiv.2408.14033 | G87: full_text | H87: 1 | I87: N/A | J87: iterative human feedback | K87: 1
A88: P087 | B88: Agent Laboratory: Using LLM Agents as Research Assistants | C88: Schmidgall et al. | D88: 2025 | E88: https://doi.org/10.18653/v1/2025.findings-emnlp.320 | G88: full_text | H88: 1 | I88: N/A | K88: 1
A89: P088 | B89: DrugAssist: A Large Language Model for Molecule Optimization | C89: Ye et al. | D89: 2023 | E89: https://doi.org/10.48550/arXiv.2401.10334 | G89: full_text | H89: 1 | I89: N/A | K89: 1
A90: P089 | B90: ChatGPT-powered Conversational Drug Editing Using Retrieval and Domain Feedback | C90: Liu et al. | D90: 2023 | E90: https://openreview.net/forum?id=HhqJtragcp#all | G90: full_text | H90: 1 | I90: N/A | K90: 1
A91: P090 | B91: Expert-Guided LLM Reasoning for Battery Discovery: From AI-Driven Hypothesis to Synthesis and Characterization | C91: Liu et al. | D91: 2025 | E91: https://doi.org/10.48550/arXiv.2507.16110 | G91: full_text | H91: 1 | I91: N/A | J91: human provides expert judgment and oversight at critical points (prompt design and wet-lab verification) | K91: 1
A92: P091 | B92: LabOS: The AI-XR Co-Scientist That Sees and Works With Humans | C92: Cong et al. | D92: 2025 | E92: https://doi.org/10.48550/arXiv.2510.14861 | G92: full_text | H92: 1 | I92: N/A | K92: 1
A93: P092 | B93: MetaScientist: A Human-AI Synergistic Framework for Automated Mechanical Metamaterial Design | C93: Qi et al. | D93: 2025 | E93: https://doi.org/10.18653/v1/2025.naacl-demo.34 | G93: full_text | H93: 1 | I93: N/A | J93: HITL; mechanical metamaterial designs | K93: 1
A94: P093 | B94: Accelerating scientific discovery with Co-Scientist | C94: Gottweis et al. | D94: 2026 | E94: https://doi.org/10.1038/s41586-026-10644-y | G94: full_text | H94: 1 | I94: N/A | K94: 1
A95: P094 | B95: Evaluating and Enhancing Large Language Models for Novelty Assessment in Scholarly Publications | C95: Lin et al. | D95: 2025 | E95: https://doi.org/10.18653/v1/2025.aisd-main.5 | G95: full_text | H95: 1 | I95: N/A | K95: 2
A96: P095 | B96: Automated Novelty Evaluation of Academic Paper: A Collaborative Approach Integrating Human Expertise and Large Language Models | C96: Wu et al. | D96: 2025 | E96: https://doi.org/10.1002/asi.70005 | G96: full_text | H96: 1 | I96: N/A | K96: 2
A97: P096 | B97: Many Heads Are Better Than One: Improved Scientific Idea Generation by A LLM-Based Multi-Agent System | C97: Su et al. | D97: 2025 | E97: https://doi.org/10.18653/v1/2025.acl-long.1368 | G97: full_text | H97: 1 | I97: N/A | K97: 1
A98: P097 | B98: Hypothesis Generation with Large Language Models | C98: Zhou et al. | D98: 2024 | E98: https://doi.org/10.18653/v1/2024.nlp4science-1.10 | G98: full_text | H98: 0 | I98: E4_Human_role_absent_or_incidental | J98: no human role discussed
A99: P098 | B99: Interesting Scientific Idea Generation using Knowledge Graphs and LLMs: Evaluations with 100 Research Group Leaders | C99: Gu, X. and Krenn, M. | D99: 2025 | E99: https://doi.org/10.48550/arXiv.2405.17044 | G99: full_text | H99: 1 | I99: N/A | K99: 1
A100: P099 | B100: SciMON: Scientific Inspiration Machines Optimized for Novelty | C100: Wang et al. | D100: 2024 | E100: https://doi.org/10.18653/v1/2024.acl-long.18 | G100: full_text | H100: 1 | I100: N/A | K100: 1
...

Sheet 02_Search_Log
A1: search_id | B1: database | C1: search_date | D1: exact_search_string | E1: filters | F1: results_returned | G1: notes
A2: S001
A3: S002
A4: S003
A5: S004
A6: S005
A7: S006
A8: S007
A9: S008
A10: S009
A11: S010

Sheet 03_Codebook
A1: variable | B1: value_or_code | C1: label | D1: operational_definition | E1: notes
A2: epistemic_mode | B2: PS | C2: Puzzle-solving in normal science | D2: Routine scientific work conducted within accepted paradigms, methods, assumptions, and evaluation criteria
A3: epistemic_mode | B3: AE | C3: Anomaly evaluation | D3: The assessment of unexpected findings, uncertain claims, or contested contributions to determine their credibility, significance, and relation to existing assumptions
A4: epistemic_mode | B4: PE | C4: Paradigm-shift exploration | D4: Exploratory work that searches for alternative concepts, frameworks, or research directions when existing assumptions may be insufficient
A5: alpha | B5: 0 | C5: None | D5: No task decomposition or coordination structure
A6: alpha | B6: 1 | C6: Fixed and predefined | D6: Fixed pipeline with predefined steps
A7: alpha | B7: 2 | C7: Dynamic | D7: Dynamic planning with explicit human checkpoints
A8: alpha | B8: 3 | C8: Adaptive | D8: Adaptive replanning across agents and humans, including handoffs, repair, and revision
A9: gamma | B9: 0 | C9: None | D9: No shared state or explicit task context
A10: gamma | B10: 1 | C10: Prompt-level | D10: Prompt-level task instruction only
A11: gamma | B11: 2 | C11: Explicit shared state | D11: Explicit shared memory, workspace, or task state
A12: gamma | B12: 3 | C12: High visibility and maintained common ground | D12: Shared assumptions, evidence, uncertainty, constraints, and role model are visible and maintained
A13: omega | B13: 0 | C13: Final output only | D13: Final output only
A14: omega | B14: 1 | C14: Visible traces | D14: Logs or execution traces are available
A15: omega | B15: 2 | C15: Intermediate visibility | D15: Intermediate states, provenance, and decision paths are visible
A16: omega | B16: 3 | C16: Contestable and intervenable | D16: Humans can inspect, contest, intervene, and revise system actions or outputs

Sheet 04_FinalCoding
A1: system_id | B1: paper_id | C1: system_name | D1: citation | E1: primary_workflow_stage | F1: epistemic_mode | G1: α | H1: γ | I1: ω | J1: evaluation_target | K1: failure_risk | L1: evidence_provenance | M1: coding_rationale

Sheet 05_Exclusion_Summary
A1: exclusion_code | B1: exclusion_reason | C1: title_abstract | D1: full_text | E1: total
A2: E1_Not_scientific_workflow | B2: Not relevant to scientific/research workflow | C2: =COUNTIFS('01_Candidate_Papers'!I2:I128, A2, '01_Candidate_Papers'!G2:G128,"title_abstract") -> 41 | D2: =COUNTIFS('01_Candidate_Papers'!I2:I128, A2, '01_Candidate_Papers'!G2:G128,"full_text") -> 3 | E2: =SUM(C2:D2) -> 44
A3: E2_No_agentic_or_collaborative_component | B3: No agentic or collaborative component | C3: =COUNTIFS('01_Candidate_Papers'!I2:I128, A3, '01_Candidate_Papers'!G2:G128,"title_abstract") -> 0 | D3: =COUNTIFS('01_Candidate_Papers'!I2:I128, A3, '01_Candidate_Papers'!G2:G128,"full_text") -> 0 | E3: =SUM(C3:D3) -> 0
A4: E3_No_concrete_system_or_evaluation | B4: No concrete system/benchmark/method/evaluation | C4: =COUNTIFS('01_Candidate_Papers'!I2:I128, A4, '01_Candidate_Papers'!G2:G128,"title_abstract") -> 0 | D4: =COUNTIFS('01_Candidate_Papers'!I2:I128, A4, '01_Candidate_Papers'!G2:G128,"full_text") -> 6 | E4: =SUM(C4:D4) -> 6
A5: E4_Human_role_absent_or_incidental | B5: Human involvement absent or incidental | C5: =COUNTIFS('01_Candidate_Papers'!I2:I128, A5, '01_Candidate_Papers'!G2:G128,"title_abstract") -> 0 | D5: =COUNTIFS('01_Candidate_Papers'!I2:I128, A5, '01_Candidate_Papers'!G2:G128,"full_text") -> 15 | E5: =SUM(C5:D5) -> 15
A6: E5_Background_AI_capability_only | B6: Background/general AI capability only | C6: =COUNTIFS('01_Candidate_Papers'!I2:I128, A6, '01_Candidate_Papers'!G2:G128,"title_abstract") -> 2 | D6: =COUNTIFS('01_Candidate_Papers'!I2:I128, A6, '01_Candidate_Papers'!G2:G128,"full_text") -> 0 | E6: =SUM(C6:D6) -> 2
A7: E6_Other | B7: Other | C7: =COUNTIFS('01_Candidate_Papers'!I2:I128, A7, '01_Candidate_Papers'!G2:G128,"title_abstract") -> 0 | D7: =COUNTIFS('01_Candidate_Papers'!I2:I128, A7, '01_Candidate_Papers'!G2:G128,"full_text") -> 6 | E7: =SUM(C7:D7) -> 6
A8: Total | C8: =SUM(C2:C7) -> 43 | D8: =SUM(D2:D7) -> 30 | E8: =SUM(E2:E7) -> 73
